user,text,favorite_count,retweet_count,created_at
@elonmusk,"Good question.   I think civilization in general should seek to increase consciousness and explore the stars, in order to understand the Universe.",38566,3432,"Jul 27, 2024 Â· 7:09 AM UTC"
@elonmusk,It is,52430,7569,"Jul 27, 2024 Â· 6:58 PM UTC"
@elonmusk,"Unless there is more bravery to stand up for what is fair and right, Christianity will perish",72243,11460,"Jul 27, 2024 Â· 6:58 PM UTC"
@jeffskoll,"Hi folks.    There was an article in todayâ€™s NY Times that reviewed X under the tenure of @elonmusk and @lindayaX (Linda Yaccarino).  It is about a year since Elon hired her to run the company.  The article mostly focuses on financial performance.  In my view, X has become a pleasure to use this year.  I was not a fan of Twitter and generally stayed away from it.  But this year, it has become a daily go to for me.  I like the transparency and the opportunities to say what is on my mind and gauge what the reactions may be.  While not all of the responses are pleasant, at least they are unfiltered and do capture the ethos of free speech that Elon wanted to bring to life.  Iâ€™m curious what others think?  1). Is the platform now better as a user experience since Elon / Linda took over?  2). Is the platform about the same in your view?  3). Are things not as good?  If not, what would you do to change things?  Thanks for any thoughts.",6642,755,"Jul 27, 2024 Â· 12:59 PM UTC"
@elonmusk,Save our kids!,331479,58976,"Jul 27, 2024 Â· 3:44 PM UTC"
@elonmusk,Super cool Tesla light show!,144535,14949,"Jul 27, 2024 Â· 9:28 AM UTC"
@SpaceX,Falcon 9 returns to flight and delivers 23 @Starlink satellites to low-Earth orbit,18480,1619,"Jul 27, 2024 Â· 7:09 AM UTC"
@johnkrausphotos,"FALCON 9 RETURNS TO FLIGHT  This morningâ€™s launch of 23 Starlink satellites, seen here transiting the Moon, was the first since a July 11 second stage anomaly during a Starlink mission from California grounded the Falcon fleet. In just 15 days, SpaceX identified and resolved the issue and now has returned to flight. Itâ€™s difficult to contextualize how impressive that is. Even working through an anomaly investigation, that turnaround far exceeds the regular launch frequency of every other launch provider in the world.  It is also an important reminder that spaceflight is never easy and never routine. Pushing the boundaries of physics, spaceflight is unforgiving, and the smallest hardware deficiency can wreak havoc to an entire mission. The small part that failed on the July 11 mission was part of a redundant sensor system, but the downstream effect of this failure prevented a clean ignition for the second stageâ€™s second burn, resulting in the stage unable to circularize its orbit and deploy the Starlink satellites. The short-term resolution was to simply delete the part!  Even as rocket launches become more and more frequent and garner less and less fanfare, there remains countless hard-working individuals and teams making that so. Congrats to all on the hard work.  Sometimes you donâ€™t realize how much something means to you until itâ€™s gone. Welcome back Falcon 9 ğŸš€",17835,1573,"Jul 27, 2024 Â· 5:57 AM UTC"
@SpaceX,Falcon 9 lands on the Just Read the Instructions droneship,16712,1374,"Jul 27, 2024 Â· 5:54 AM UTC"
@SpaceX,Falcon 9 lifts off from pad 39A in Florida!,14688,1262,"Jul 27, 2024 Â· 5:46 AM UTC"
@Tesla,x.com/i/article/181686587827â€¦,11687,1090,"Jul 26, 2024 Â· 4:58 PM UTC"
@elonmusk,This is amazing ğŸ˜‚,708984,165171,"Jul 26, 2024 Â· 11:11 PM UTC"
@Space_Station,"The City of Light. ğŸ¤©ğŸ…  Paris, where the 2024 #Olympics just kicked off, dazzles in these nighttime photos taken from the International Space Station.",14293,1753,"Jul 26, 2024 Â· 10:58 PM UTC"
@elonmusk,The Olympics laser show was amazing!,464889,30538,"Jul 26, 2024 Â· 10:07 PM UTC"
@cb_doge,ğ• is now the #1 news app on the AppStore in France ğŸ¥‡,20551,2152,"Jul 26, 2024 Â· 12:52 PM UTC"
@elonmusk,ğŸ‡«ğŸ‡·ğŸ‡«ğŸ‡·ğŸ‡«ğŸ‡· Vive la France! ğŸ‡«ğŸ‡·ğŸ‡«ğŸ‡·ğŸ‡«ğŸ‡·  Ville des LumiÃ¨res #Paris2024,226878,20675,"Jul 26, 2024 Â· 1:39 PM UTC"
@Intrstngthings,"The Oort Cloud lies far beyond Pluto and the most distant edges of the Kuiper Belt. While the planets of our solar system orbit in a flat plane, the Oort Cloud is believed to be a giant spherical shell surrounding the Sun, planets and Kuiper Belt Objects. It's like a big, thick bubble around our solar system, made of icy, comet-like objects. The Oort Cloud's icy bodies can be as large as mountains â€“ and sometimes larger.  Because the orbits of long-period comets â€“ which take more than 200 years to orbit the Sun â€“ are so extremely long, scientists suspect that the Oort Cloud is the source of most of those comets. For example, comet C/2013 A1 Siding Spring, which made a very close pass by Mars in 2014, will not return to the inner solar system for about 740,000 years.  The distance from the Sun to the Oort Cloud is so enormous that itâ€™s useful to describe it not in the more common units of miles or kilometers, but astronomical units. One astronomical unit (or AU) is the distance between Earth and the Sun. Plutoâ€™s elliptical orbit carries it as close as 30 AU from the Sun, and as far as 50 AU. The inner edge of the Oort Cloud, however, is thought to be between 2,000 and 5,000 AU from the Sun. The outer edge might be 10,000 or even 100,000 AU from the Sun â€“ that's one-quarter to halfway between the Sun and the nearest neighboring star.  Check these maps for more details :",13067,1781,"Jul 25, 2024 Â· 4:20 PM UTC"
@MAstronomers,The Oort cloud. Where the solar system ends.,63411,7266,"Jul 25, 2024 Â· 4:14 PM UTC"
@elonmusk,Real-time Olympics info at #Paris2024,120615,11639,"Jul 26, 2024 Â· 12:37 PM UTC"
@elonmusk,America is headed for bankruptcy fyi,207271,49441,"Jul 26, 2024 Â· 12:33 PM UTC"
@WholeMarsBlog,"Last night as Tesla FSD 12.5 drove me home for 45 minutes with zero interventions, I saw two Cybertrucks with 4680 structural packs pass by on Sunset Boulevard.  It was at that moment I realized we have arrived in the future.  Watch in 4K: https://youtu.be/9l3uDKDRVtI",8457,1075,"Jul 26, 2024 Â· 4:01 AM UTC"
@elonmusk,CBS lies about Trump lying,565763,129539,"Jul 26, 2024 Â· 12:15 PM UTC"
@DimaZeniuk,SpaceX Starship is alien technology,12500,1278,"Jul 25, 2024 Â· 7:05 AM UTC"
@DimaZeniuk,Breathtaking view of Earth from the SpaceX Crew Dragon in orbit ğŸ‰,36942,4228,"Jul 25, 2024 Â· 11:08 AM UTC"
@elonmusk,Looks like the public is in favor. Will discuss with Tesla board.,14536,1404,"Jul 25, 2024 Â· 2:17 PM UTC"
@cb_doge,â€œNow is the time to fight the anti-human woke mind virus with everything!â€,31760,4354,"Jul 25, 2024 Â· 1:15 PM UTC"
@elonmusk,Olympics!,770043,57528,"Jul 25, 2024 Â· 1:45 PM UTC"
@seanpk,Elon Musk open-sourced all of Tesla's patents for other car companies to copy.  Wall Street called it 'dumb' and thought Tesla will be crushed.  Elon was right. Everyone was wrong.  Every entrepreneur needs to understand why he did it and why it worked:ğŸ§µ,40878,5491,"Jul 24, 2024 Â· 12:14 PM UTC"
@cb_doge,ğ• hack: DM yourself to take notes.,6200,986,"Jul 25, 2024 Â· 1:24 AM UTC"
@elonmusk,Haha amazing,97450,12464,"Jul 25, 2024 Â· 6:33 AM UTC"
@elon_docs,"Elon Musk: Environmentalism in the extreme starts to view humans as bad, as a load Earth can't sustain. This is completely false. If you do the numbers, you see that Earth can potentially sustain 10X the population we have today.",17308,3771,"Jul 25, 2024 Â· 5:12 AM UTC"
@elonmusk,Literally as far left as it is possible to go!  Theyâ€™re trying so hard to erase the Internet lmao.   https://x.com/i/trending/1816350392156086687/normal,311415,80520,"Jul 25, 2024 Â· 6:30 AM UTC"
@elonmusk,"People who have been lifelong Democrats refuse to accept the clear reality that the Democratic Party is rapidly become openly antisemitic.   This trend is accelerating, not slowing down.   Knock, knock. Hello, Captain Obvious here!",315688,59371,"Jul 25, 2024 Â· 6:19 AM UTC"
@elonmusk,Starlink now operating on over 1000 aircraft!   Using Starlink on a plane feels like youâ€™re on a high speed ground fiber connection.,138859,19001,"Jul 24, 2024 Â· 9:13 PM UTC"
@teslaenergy,Powerwall & @Tesla_Megapack together achieved record storage deployments of 9.4 GWh in Q2,10159,1636,"Jul 24, 2024 Â· 9:30 AM UTC"
@imPenny2x,Five simple ways to support free speech:  ã€°ï¸Sign up for Premium or Premium Plus ã€°ï¸Engage with your favorite news accounts ã€°ï¸Support ğ• advertisers ã€°ï¸Convince your friends to join ğ• ã€°ï¸Report stories yourself from on scene,9301,1515,"Jul 24, 2024 Â· 4:22 AM UTC"
@elonmusk,Cool,130680,19301,"Jul 24, 2024 Â· 2:23 AM UTC"
@elonmusk,Shouldnâ€™t the nominee be decided by a party vote? Democracy etc â€¦,686664,114832,"Jul 24, 2024 Â· 2:02 AM UTC"
@elonmusk,"About 3 weeks ago, the media told you that Biden was â€œsharp as a tackâ€ ğŸ™„   2 days ago, the poor guy was basically forced at gunpoint to resign as Dem nominee. His staff werenâ€™t even informed.  Now they say Kamala is the best thing ever ğŸ¤¦â€â™‚ï¸",661031,137818,"Jul 24, 2024 Â· 1:58 AM UTC"
@elonmusk,"Should Tesla invest $5B into @xAI, assuming the valuation is set by several credible outside investors?  (Board approval & shareholder vote are needed, so this is just to test the waters)",46496,10022,"Jul 24, 2024 Â· 12:32 AM UTC"
@Starlink,Once passengers step onboard the plane the internet works seamlessly throughout their flight ğŸ›°ï¸âœˆï¸â¤ï¸,11185,1425,"Jul 23, 2024 Â· 10:48 PM UTC"
@HawaiianAir,"""""Hawaiian Airlines' SpaceX Starlink satellite experience has spoiled me for in-flight WiFi."" https://www.travelweekly.com/Hawaii-Travel/Insights/Hawaiian-Airlines-Starlink-WiFi-is-a-winner via @TravelWeeklyUS",7347,1022,"Jul 23, 2024 Â· 9:21 PM UTC"
@elonmusk,Tesla earnings livestream,35567,8041,"Jul 23, 2024 Â· 9:31 PM UTC"
@elonmusk,Starlink is now active in a Gaza hospital with the support of @UAEmediaoffice and @Israel,267829,25042,"Jul 23, 2024 Â· 9:29 PM UTC"
@elonmusk,Tesla quarterly update,101412,13957,"Jul 23, 2024 Â· 8:26 PM UTC"
@cb_doge,"Bring your video content to ğ•   ~8.2B daily video views in Q2, up +45% year over year.",7693,1329,"Jul 23, 2024 Â· 3:00 PM UTC"
@MarioNawfal,"ğŸš¨ SATURN HAS 146 MOONS MORE THAN ANY OTHER PLANET IN OUR SOLAR SYSTEM   Saturn has 146 moons, the most of any planet, with sizes ranging from larger than Mercury (Titan) to as small as a sports arena.   Enceladus, one of its smaller moons, has a global ocean beneath an icy shell.   These moons influence Saturn's rings and magnetosphere and are key targets for future deep space missions.   Some were discovered by notable astronomers like G.D. Cassini and W. Herschel, and many are recognized by the International Astronomical Union (IAU).  Source: NASA Media Source: @latestinspace",17983,3282,"Jul 23, 2024 Â· 5:03 AM UTC"
@elonmusk,Might be one day,516825,41676,"Jul 23, 2024 Â· 3:50 AM UTC"
@Jason,"Iâ€™m 100% in support of adults pursuing whatever gender they please, by whatever means they like.   More power to you!   However, we will look back at this time, when doctors and â€œprofessionalsâ€ pressured parents to perform surgery and give hormones to *children*, with great shame and regret.    The detransition stories are just starting, and they are devastating.   These stories always include the parents and children being bullied into making irreversible decisions.  They make decisions they donâ€™t fully understand but are told will solve a complex problem. However, in most cases, this â€œproblemâ€ is solved best with love, compassion, counseling, and time.   Adolescence is challenging 100% of the time, as we all have experienced.   Imagine your darkest and most confusing moment as a teenager. Now, imagine a group of authorities telling you that your gender confusion causes all your pain and that you can solve all of that pain with surgery and hormones.   Now imagine the state of California acting to hide this childâ€™s struggle from their parents â€” and then pursuing a gender transition covertly with the child.   That is the crime that is happening right now.   We donâ€™t let kids smoke vapes or drink until they are fully informed of the ramifications of those decisions as adults  â€” yet we put them on puberty blockers and have them do surgery to change their gender as teenagers?   What is the rush?   There isnâ€™t one, so they tell the parents, â€œYour child will kill themselves if they donâ€™t transition.â€  This is pure evil.   There are no parents who agree with this, there are only bullied and confused parentsâ€¦ and that needs to end now.   I say this with unlimited compassion and love for any child or family dealing with gender dysphoria.   Please speak up parents.   https://twitter.com/TPostMillennial/status/1815501775191064813/video/1",36673,5911,"Jul 22, 2024 Â· 10:56 PM UTC"
@cb_doge,I strongly recommend everyone to create/join and contribute towards the communities of your interest on ğ•,6978,1273,"Jul 22, 2024 Â· 1:45 PM UTC"
@SpaceX,Falcon 9 was selected byÂ @NASAÂ to launchÂ @NOAAâ€™s latest polar weather satellite! nasa.gov/news-release/nasa-aâ€¦,15726,2292,"Jul 22, 2024 Â· 10:02 PM UTC"
@elonmusk,Talking with Jordan in 5 mins,117284,15406,"Jul 22, 2024 Â· 6:56 PM UTC"
@elonmusk,"Where are we with dollar value destruction, you might ask?",256892,42637,"Jul 22, 2024 Â· 6:19 PM UTC"
@elonmusk,They should actually teach this in biz school,439287,38635,"Jul 22, 2024 Â· 6:18 PM UTC"
@elonmusk,Yes,27321,2937,"Jul 22, 2024 Â· 5:56 PM UTC"
@elonmusk,America is going bankrupt btw,268824,63410,"Jul 22, 2024 Â· 5:45 PM UTC"
@Tesla_Megapack,Franceâ€™s first large-scale 2-hour battery system will be built by @Harmony_Energy_  and will feature 100 MW / 200 MWh of Megapacks,6733,1089,"Jul 22, 2024 Â· 3:47 PM UTC"
@elonmusk,,117022,11021,"Jul 22, 2024 Â· 11:09 AM UTC"
@cb_doge,xAI is hiring!  You can find the available job roles by visiting their ğ• profile @xai and directly apply from there.,6893,1309,"Jul 22, 2024 Â· 11:01 AM UTC"
@elonmusk,This is a significant advantage in training the worldâ€™s most powerful AI by every metric by December this year,12897,1272,"Jul 22, 2024 Â· 11:00 AM UTC"
